time,water_level,turbidity,plastic_density
2026-01-26 12:56:30.224486,4.34,41.21,0.76
2026-01-26 12:56:31.259994,6.88,80.09,0.19
2026-01-26 12:56:32.270958,5.27,56.35,0.23
2026-01-26 12:56:33.279488,4.76,39.69,0.13
2026-01-26 12:56:34.288355,2.67,16.59,0.45
2026-01-26 12:56:35.299820,7.59,67.4,0.02
2026-01-26 12:56:36.304334,4.07,70.53,0.09
2026-01-26 12:56:37.319731,2.53,20.69,0.55
2026-01-26 12:56:38.336837,4.67,20.65,0.21
2026-01-26 12:56:39.352789,7.06,38.36,0.84
2026-01-26 12:56:40.354652,6.56,62.07,0.25
2026-01-26 12:56:41.369849,5.25,53.32,0.31
2026-01-26 12:56:42.374005,3.0,39.59,0.35
2026-01-26 12:56:43.388093,5.03,24.75,0.03
2026-01-26 12:56:44.388757,7.12,26.33,0.49
2026-01-26 12:56:45.400572,4.91,39.14,0.64
2026-01-26 12:56:46.408937,4.55,48.25,0.21
2026-01-26 12:56:47.425830,3.65,34.6,0.07
2026-01-26 12:56:48.442693,6.24,55.72,0.93
2026-01-26 12:56:49.457260,6.19,24.07,0.12
2026-01-26 12:56:50.473195,2.51,57.95,0.1
2026-01-26 12:56:51.475742,3.03,62.22,0.8
2026-01-26 12:56:52.490320,5.65,11.07,0.62
2026-01-26 12:56:53.492328,2.33,76.58,0.02
2026-01-26 12:56:54.507948,3.41,62.25,0.72
2026-01-26 12:56:55.508896,2.65,80.43,0.32
2026-01-26 12:56:56.510910,3.37,31.48,0.68
2026-01-26 12:56:57.518637,6.05,77.06,0.28
2026-01-26 12:56:58.526908,4.12,43.9,0.73
2026-01-26 12:56:59.528731,3.91,44.27,0.64
2026-01-26 12:57:00.536602,2.86,84.86,0.71
2026-01-26 12:57:01.541515,7.57,84.82,0.62
2026-01-26 12:57:02.550193,7.61,39.82,0.18
2026-01-26 12:57:03.550556,5.41,77.59,0.42
2026-01-26 12:57:04.550569,6.39,34.51,0.32
2026-01-26 12:57:05.566622,6.61,83.49,0.13
2026-01-26 12:57:06.568505,4.73,38.91,0.03
2026-01-26 12:57:07.569041,3.15,38.86,0.65
2026-01-26 12:57:08.569408,6.28,46.25,0.48
2026-01-26 12:57:09.569610,2.74,77.99,0.3
2026-01-26 12:57:10.570065,2.68,50.39,0.91
2026-01-26 12:57:11.570581,3.75,83.94,0.83
2026-01-26 12:57:12.583688,2.54,49.08,0.64
2026-01-26 12:57:13.588284,3.77,85.36,0.78
2026-01-26 12:57:14.599171,3.61,56.09,0.73
2026-01-26 12:57:15.613935,3.58,13.54,0.15
2026-01-26 12:57:16.616740,5.96,83.04,0.6
2026-01-26 12:57:17.617210,2.21,59.24,0.85
2026-01-26 12:57:18.632755,4.66,53.45,0.29
2026-01-26 12:57:19.641252,3.9,75.82,0.73
2026-01-26 12:57:20.653329,4.32,31.49,0.91
2026-01-26 12:57:21.668347,6.93,59.03,0.46
2026-01-26 12:57:22.674773,6.18,58.12,0.66
2026-01-26 12:57:23.684765,5.81,84.92,0.18
2026-01-26 12:57:24.691732,3.36,29.26,0.47
2026-01-26 12:57:25.706438,7.9,82.49,0.22
2026-01-26 12:57:26.709281,7.69,33.27,0.39
2026-01-26 12:57:27.719129,2.44,48.72,0.02
2026-01-26 12:57:28.721628,7.39,39.28,0.82
2026-01-26 12:57:29.725576,7.19,30.55,0.85
2026-01-26 12:57:30.742100,5.17,39.74,0.24
2026-01-26 12:57:31.752499,4.97,46.26,0.86
2026-01-26 12:57:32.758808,6.67,10.81,0.23
2026-01-26 12:57:33.761032,6.08,87.38,0.22
2026-01-26 12:57:34.766189,2.41,19.12,0.74
2026-01-26 12:57:35.774999,3.45,28.05,0.94
2026-01-26 12:57:36.782842,6.8,89.33,0.81
2026-01-26 12:57:37.785561,6.24,62.93,0.2
2026-01-26 12:57:38.797184,3.48,34.26,0.36
2026-01-26 12:57:39.802625,2.45,36.08,0.67
2026-01-26 12:57:40.807928,4.34,28.16,0.34
2026-01-26 12:57:41.809227,4.33,86.96,0.54
2026-01-26 12:57:42.816278,3.88,67.76,0.99
2026-01-26 12:57:43.828577,3.1,12.06,0.93
2026-01-26 12:57:44.830163,5.39,54.49,0.45
2026-01-26 12:57:45.845867,3.24,55.95,0.69
2026-01-26 12:57:46.863020,5.26,62.08,0.02
2026-01-26 12:57:47.877288,2.15,88.89,1.0
2026-01-26 12:57:48.877788,3.9,80.54,0.71
2026-01-26 12:57:49.879589,3.52,73.69,0.37
2026-01-26 12:57:50.894072,4.83,16.21,0.25
2026-01-26 12:57:51.898438,2.6,41.88,0.13
2026-01-26 12:57:52.914438,2.52,65.99,0.08
2026-01-26 12:57:53.925111,4.02,56.83,0.43
2026-01-26 12:57:54.944539,5.51,61.11,0.65
2026-01-26 12:57:55.951589,2.44,71.17,0.08
2026-01-26 12:57:56.960568,6.44,60.29,0.58
2026-01-26 12:57:57.974646,3.64,34.23,0.28
2026-01-26 12:57:58.988729,5.64,39.62,0.04
2026-01-26 12:58:00.004360,6.25,30.07,0.57
2026-01-26 12:58:01.019605,2.31,64.11,0.36
2026-01-26 12:58:02.027561,3.64,27.82,0.75
2026-01-26 12:58:03.041132,3.77,83.51,0.25
2026-01-26 12:58:04.054487,5.81,49.83,0.79
2026-01-26 12:58:05.063103,7.3,64.01,0.58
2026-01-26 12:58:06.064308,3.79,63.75,0.08
2026-01-26 12:58:07.066078,3.58,77.57,0.77
2026-01-26 12:58:08.074312,2.36,46.53,0.18
2026-01-26 12:58:09.085624,7.52,37.93,0.95
2026-01-26 12:58:10.100750,7.06,29.71,0.72
2026-01-26 12:58:11.114920,6.51,27.71,0.07
2026-01-26 12:58:12.129712,7.87,59.26,0.96
2026-01-26 12:58:13.134319,7.83,63.08,0.08
2026-01-26 12:58:14.145164,7.74,10.99,0.64
2026-01-26 12:58:15.162082,6.32,15.95,0.68
2026-01-26 12:58:16.168267,4.93,46.81,0.18
2026-01-26 12:58:17.178431,4.12,48.91,0.2
2026-01-26 12:58:18.189917,3.77,44.07,0.72
2026-01-26 12:58:19.192021,7.47,29.68,0.16
2026-01-26 12:58:20.193087,6.99,57.48,0.95
2026-01-26 12:58:21.203177,6.99,21.79,0.88
2026-01-26 12:58:22.205397,4.99,21.15,0.8
2026-01-26 12:58:23.205790,7.69,16.38,0.83
2026-01-26 12:58:24.207686,2.22,22.29,0.87
2026-01-26 12:58:25.208994,2.03,69.4,0.43
2026-01-26 12:58:26.210705,5.66,13.71,0.9
2026-01-26 12:58:27.227735,4.02,52.73,0.37
2026-01-26 12:58:28.230897,5.89,65.4,0.28
2026-01-26 12:58:29.243983,3.58,18.16,0.33
2026-01-26 12:58:30.249966,5.02,80.74,0.22
2026-01-26 12:58:31.264549,6.57,29.0,0.97
2026-01-26 12:58:32.274619,4.13,15.66,0.51
2026-01-26 12:58:33.275887,4.39,76.56,0.8
2026-01-26 12:58:34.282594,2.18,79.65,0.8
2026-01-26 12:58:35.291841,6.29,19.43,0.72
2026-01-26 12:58:36.301049,7.08,61.49,0.46
2026-01-26 12:58:37.308532,3.3,88.09,0.35
2026-01-26 12:58:38.318526,4.37,53.15,0.13
2026-01-26 12:58:39.327638,2.86,73.05,0.27
2026-01-26 12:58:40.331341,5.25,70.19,0.69
2026-01-26 12:58:41.337032,4.85,10.16,0.34
2026-01-26 12:58:42.346754,4.59,24.23,0.28
2026-01-26 12:58:43.353693,4.59,44.41,0.63
2026-01-26 12:58:44.358461,6.73,72.63,0.47
2026-01-26 12:58:45.369321,7.6,31.66,0.92
2026-01-26 12:58:46.378386,6.51,28.12,0.16
2026-01-26 12:58:47.389806,5.93,55.87,0.91
2026-01-26 12:58:48.392720,3.84,68.78,0.9
2026-01-26 12:58:49.401881,6.81,82.76,0.81
2026-01-26 12:58:50.416958,6.67,74.11,0.42
2026-01-26 12:58:51.427528,4.36,85.98,0.26
2026-01-26 12:58:52.434620,7.67,79.35,0.73
2026-01-26 12:58:53.439538,3.9,24.9,0.81
2026-01-26 12:58:54.455651,6.83,89.53,0.55
2026-01-26 12:58:55.463965,5.66,50.61,0.61
2026-01-26 12:58:56.468703,4.36,64.16,0.67
2026-01-26 12:58:57.482789,4.26,31.01,0.24
2026-01-26 12:58:58.497159,2.27,40.4,0.78
2026-01-26 12:58:59.499700,2.4,62.51,0.49
2026-01-26 12:59:00.500900,2.86,45.87,0.93
2026-01-26 12:59:01.514668,7.17,76.64,0.1
2026-01-26 12:59:02.522245,7.11,49.43,0.17
2026-01-26 12:59:03.522384,2.91,61.08,0.23
2026-01-26 12:59:04.537472,5.78,49.58,0.97
2026-01-26 12:59:05.550420,7.4,75.99,0.46
2026-01-26 12:59:06.555960,4.45,55.27,0.33
2026-01-26 12:59:07.565265,6.5,25.86,0.27
2026-01-26 12:59:08.569928,5.98,40.71,0.11
2026-01-26 12:59:09.570156,5.89,22.98,0.26
2026-01-26 12:59:10.581800,5.8,74.21,0.5
2026-01-26 12:59:11.582431,5.6,67.81,0.85
2026-01-26 12:59:12.592641,2.34,77.4,0.89
2026-01-26 12:59:13.605180,5.75,61.86,0.26
2026-01-26 12:59:14.610928,5.58,70.32,0.59
2026-01-26 12:59:15.617340,6.53,25.87,0.31
2026-01-26 12:59:16.620527,7.98,35.74,0.95
2026-01-26 12:59:17.626069,7.42,68.87,0.36
2026-01-26 12:59:18.639240,2.96,29.98,0.79
2026-01-26 12:59:19.643172,3.86,68.02,0.54
2026-01-26 12:59:20.644959,2.1,82.56,0.77
2026-01-26 12:59:21.653682,5.74,35.71,0.33
2026-01-26 12:59:22.661674,5.08,20.01,0.14
2026-01-26 12:59:23.676775,5.02,18.24,0.73
2026-01-26 12:59:24.679503,4.93,86.02,0.91
2026-01-26 12:59:25.681652,2.61,64.38,0.7
2026-01-26 12:59:26.686696,6.59,48.09,0.47
2026-01-26 12:59:27.694075,3.66,60.62,0.93
2026-01-26 12:59:28.710138,5.26,59.06,0.14
2026-01-26 12:59:29.714336,6.11,14.92,0.33
2026-01-26 12:59:30.718153,5.56,50.44,0.84
2026-01-26 12:59:31.718245,3.63,23.41,0.77
2026-01-26 12:59:32.722594,4.45,27.92,0.86
2026-01-26 12:59:33.728143,7.47,67.08,0.1
2026-01-26 12:59:34.739540,7.25,74.64,0.72
2026-01-26 12:59:35.750608,6.34,45.73,0.67
2026-01-26 12:59:36.765881,6.21,78.78,0.53
2026-01-26 12:59:37.770721,5.88,60.54,0.15
2026-01-26 12:59:38.779975,4.74,49.54,0.69
2026-01-26 12:59:39.790223,6.22,66.18,0.32
2026-01-26 12:59:40.803730,6.7,25.54,0.06
2026-01-26 12:59:41.812853,4.46,70.31,0.66
2026-01-26 12:59:42.821474,2.82,48.78,0.95
2026-01-26 12:59:43.827554,4.7,20.87,0.42
2026-01-26 12:59:44.841324,7.11,81.11,0.78
2026-01-26 12:59:45.852318,4.72,26.16,0.72
2026-01-26 12:59:46.861115,4.55,72.06,0.87
2026-01-26 12:59:47.873033,6.92,33.16,0.77
2026-01-26 12:59:48.879348,2.72,19.79,0.96
2026-01-26 12:59:49.881818,2.91,25.47,0.68
2026-01-26 12:59:50.897181,4.88,33.65,0.85
2026-01-26 12:59:51.906154,7.26,81.92,0.23
2026-01-26 12:59:52.928440,7.98,82.31,0.31
2026-01-26 12:59:53.963200,2.49,71.41,0.86
2026-01-26 12:59:54.971936,6.88,35.84,0.86
2026-01-26 12:59:55.980943,5.91,72.2,0.44
2026-01-26 12:59:56.994991,2.32,18.03,0.59
2026-01-26 12:59:58.010076,7.2,11.5,0.64
2026-01-26 12:59:59.011487,7.46,24.12,0.98
2026-01-26 13:00:00.019179,2.67,84.08,0.84
2026-01-26 13:00:01.030372,6.58,19.14,0.78
2026-01-26 13:00:02.033054,3.01,27.07,0.01
2026-01-26 13:00:03.036513,2.46,13.95,0.79
2026-01-26 13:00:04.039990,3.24,14.52,0.33
2026-01-26 13:00:05.052940,6.81,29.22,0.03
2026-01-26 13:00:06.060965,7.11,69.5,0.96
2026-01-26 13:00:07.065344,5.71,23.88,0.61
2026-01-26 13:00:08.080492,6.56,79.14,0.32
2026-01-26 13:00:09.082608,5.12,77.44,0.19
2026-01-26 13:00:10.095765,6.66,12.82,0.75
2026-01-26 13:00:11.105666,4.35,57.72,0.63
2026-01-26 13:00:12.115176,3.86,44.23,0.26
2026-01-26 13:00:13.121039,7.06,21.01,0.16
2026-01-26 13:00:14.128046,5.63,43.46,0.15
2026-01-26 13:00:15.132507,7.41,22.08,0.22
2026-01-26 13:00:16.154092,2.16,82.62,0.79
2026-01-26 13:00:17.155704,2.43,82.91,0.9
2026-01-26 13:00:18.161524,3.22,35.42,0.12
2026-01-26 13:00:19.175806,2.87,15.44,0.88
2026-01-26 13:00:20.186231,5.16,61.71,0.17
2026-01-26 13:00:21.198974,5.08,74.72,0.25
2026-01-26 13:00:22.203917,2.57,36.89,0.21
2026-01-26 13:00:23.208231,6.93,57.19,0.72
2026-01-26 13:00:24.217859,2.45,78.33,0.81
2026-01-26 13:00:25.223995,3.54,10.27,0.35
2026-01-26 13:00:26.226612,6.84,49.79,0.26
2026-01-26 13:00:27.242242,7.46,36.57,0.31
2026-01-26 13:00:28.247707,7.01,84.43,0.07
2026-01-26 13:00:29.260161,6.44,18.4,0.54
2026-01-26 13:00:30.264229,4.57,26.33,0.12
2026-01-26 13:00:31.265616,3.71,51.53,0.36
2026-01-26 13:00:32.265937,4.89,16.17,0.02
2026-01-26 13:00:33.283193,4.03,71.89,0.77
2026-01-26 13:00:34.286681,2.9,82.47,0.28
2026-01-26 13:00:35.300827,4.14,22.03,0.06
2026-01-26 13:00:36.301491,4.2,73.62,0.72
2026-01-26 13:00:37.310726,5.9,80.02,0.78
2026-01-26 13:00:38.318388,5.71,80.25,0.03
2026-01-26 13:00:39.321685,4.85,53.48,0.19
2026-01-26 13:00:40.330560,5.91,22.64,0.6
2026-01-26 13:00:41.337080,5.8,89.43,0.7
2026-01-26 13:00:42.351851,7.21,29.11,0.23
2026-01-26 13:00:43.359530,4.06,65.07,0.77
2026-01-26 13:00:44.370026,3.56,78.85,0.27
2026-01-26 13:00:45.374346,2.34,68.56,0.89
2026-01-26 13:00:46.377515,7.94,23.67,0.0
2026-01-26 13:00:47.379017,5.57,50.52,0.49
2026-01-26 13:00:48.391438,3.74,58.08,0.5
2026-01-26 13:00:49.392622,7.94,17.42,0.8
2026-01-26 13:00:50.409200,6.55,44.74,0.28
2026-01-26 13:00:51.425528,2.12,46.65,0.64
2026-01-26 13:00:52.440974,5.67,62.13,0.16
2026-01-26 13:00:53.447894,2.35,35.7,0.36
2026-01-26 13:00:54.456880,4.91,49.59,0.25
2026-01-26 13:00:55.458674,5.23,27.52,0.75
2026-01-26 13:00:56.459720,2.63,44.02,0.51
2026-01-26 13:00:57.466443,5.63,87.85,0.53
2026-01-26 13:00:58.468461,7.46,76.7,0.92
2026-01-26 13:00:59.475830,6.96,49.65,0.01
2026-01-26 13:01:00.481244,5.15,23.49,0.17
2026-01-26 13:01:01.490288,4.14,60.05,0.31
2026-01-26 13:01:02.498015,4.76,76.49,0.73
2026-01-26 13:01:03.508235,5.61,21.45,0.5
2026-01-26 13:01:04.517171,5.79,86.18,0.26
2026-01-26 13:01:05.525783,4.6,77.06,0.64
2026-01-26 13:01:06.532808,7.83,65.23,0.16
2026-01-26 13:01:07.534082,7.48,52.69,0.97
2026-01-26 13:01:08.549155,4.32,20.06,0.76
2026-01-26 13:01:09.564623,5.95,11.0,0.69
2026-01-26 13:01:10.572776,6.5,85.07,0.41
2026-01-26 13:01:11.579309,3.96,17.78,0.67
2026-01-26 13:01:12.589470,3.78,44.78,0.71
2026-01-26 13:01:13.597931,6.45,60.3,0.69
2026-01-26 13:01:14.605205,5.05,23.28,0.31
2026-01-26 13:01:15.611240,3.66,66.54,0.1
2026-01-26 13:01:16.611471,6.25,85.34,0.45
2026-01-26 13:01:17.619689,6.13,15.51,0.39
2026-01-26 13:01:18.630475,4.76,60.64,0.69
2026-01-26 13:01:19.643024,3.49,14.41,0.12
2026-01-26 13:01:20.648203,3.09,31.61,0.82
2026-01-26 13:01:21.656663,5.25,57.96,0.42
2026-01-26 13:01:22.664707,2.82,35.53,0.32
2026-01-26 13:01:23.666515,7.37,38.85,0.43
2026-01-26 13:01:24.674465,7.23,43.71,0.86
2026-01-26 13:01:25.685061,5.62,51.17,0.48
2026-01-26 13:01:26.687792,4.53,50.43,0.98
2026-01-26 13:01:27.693572,6.2,13.34,0.24
2026-01-26 13:01:28.696429,4.21,16.92,0.62
2026-01-26 13:01:29.706006,4.47,67.33,0.56
2026-01-26 13:01:30.721425,3.43,58.87,0.18
2026-01-26 13:01:31.723822,7.48,25.35,0.44
2026-01-26 13:01:32.730989,3.47,31.96,0.78
2026-01-26 13:01:33.738158,2.39,85.21,0.07
2026-01-26 13:01:34.745038,4.42,23.04,0.64
2026-01-26 13:01:35.762579,5.84,87.45,0.86
2026-01-26 13:01:36.774131,3.8,80.15,0.56
2026-01-26 13:01:37.775513,5.74,51.21,0.26
2026-01-26 13:01:38.778440,6.18,51.65,0.26
2026-01-26 13:01:39.787646,5.34,38.66,0.26
2026-01-26 13:01:40.789304,6.73,80.71,0.17
2026-01-26 13:01:41.791089,5.15,21.85,0.01
2026-01-26 13:01:42.796427,7.23,10.98,0.12
2026-01-26 13:01:43.800879,7.93,68.22,0.58
2026-01-26 13:01:44.813715,6.15,89.49,0.14
2026-01-26 13:01:45.819153,2.25,46.83,0.56
2026-01-26 13:01:46.827533,6.09,38.93,0.56
2026-01-26 13:01:47.832831,2.91,37.05,0.88
2026-01-26 13:01:48.849030,5.6,14.2,0.07
2026-01-26 13:01:49.860578,2.57,52.74,0.13
2026-01-26 13:01:50.867052,5.45,16.85,0.01
2026-01-26 13:01:51.870006,3.14,39.43,0.51
2026-01-26 13:01:52.877515,7.96,88.01,0.68
2026-01-26 13:01:53.879049,4.7,79.63,0.82
2026-01-26 13:01:54.886666,4.85,33.09,0.49
2026-01-26 13:01:55.899670,3.75,64.46,0.52
2026-01-26 13:01:56.902305,3.76,87.42,0.59
2026-01-26 13:01:57.905034,5.44,54.99,0.19
2026-01-26 13:01:58.919054,7.64,63.57,0.77
2026-01-26 13:01:59.925051,4.59,29.49,0.82
2026-01-26 13:02:00.935359,5.3,29.4,0.11
2026-01-26 13:02:01.941874,7.56,19.99,0.41
2026-01-26 13:02:02.950601,4.86,56.59,0.46
2026-01-26 13:02:03.951017,4.33,36.06,0.66
2026-01-26 13:02:04.957856,3.75,50.96,0.92
2026-01-26 13:02:05.967803,2.01,87.28,0.26
2026-01-26 13:02:06.974133,3.97,75.09,0.53
2026-01-26 13:02:07.976681,2.17,69.84,0.48
2026-01-26 13:02:08.985356,7.95,18.64,0.29
2026-01-26 13:02:09.986862,2.53,81.9,0.65
2026-01-26 13:02:10.987305,3.1,73.14,0.66
2026-01-26 13:02:11.994863,7.08,68.14,0.2
2026-01-26 13:02:13.002657,2.58,55.33,0.5
2026-01-26 13:02:14.003309,2.67,60.22,0.62
2026-01-26 13:02:15.011816,5.79,87.57,0.44
2026-01-26 13:02:16.013683,7.12,41.07,0.99
2026-01-26 13:02:17.022587,7.2,31.86,0.21
2026-01-26 13:02:18.030002,4.26,64.94,0.09
2026-01-26 13:02:19.044472,2.11,75.47,0.85
2026-01-26 13:02:20.053002,6.22,63.87,0.55
2026-01-26 13:02:21.056878,6.74,54.48,0.69
2026-01-26 13:02:22.059244,6.23,25.33,0.13
2026-01-26 13:02:23.059968,5.65,85.9,0.38
2026-01-26 13:02:24.067562,5.86,37.37,0.58
2026-01-26 13:02:25.077099,4.46,10.28,0.77
2026-01-26 13:02:26.080058,7.98,88.31,0.22
2026-01-26 13:02:27.095812,6.92,87.17,0.72
2026-01-26 13:02:28.102222,7.01,74.29,0.38
2026-01-26 13:02:29.112005,3.94,14.25,0.37
2026-01-26 13:02:30.119287,6.14,55.61,0.43
2026-01-26 13:02:31.136160,4.3,41.72,0.8
2026-01-26 13:02:32.145347,6.08,71.14,0.28
2026-01-26 13:02:33.146668,3.8,64.3,0.83
2026-01-26 13:02:34.153717,7.01,21.8,0.44
2026-01-26 13:02:35.163355,6.43,37.09,0.94
2026-01-26 13:02:36.171442,7.99,21.95,0.27
2026-01-26 13:02:37.188122,2.75,34.5,0.02
2026-01-26 13:02:38.189930,6.91,13.19,0.85
2026-01-26 13:02:39.193081,2.14,89.24,0.67
2026-01-26 13:02:40.203707,2.13,88.2,0.9
2026-01-26 13:02:41.216108,4.98,49.66,0.35
2026-01-26 13:02:42.218730,6.24,80.49,0.53
2026-01-26 13:02:43.219692,2.84,73.71,0.4
2026-01-26 13:02:44.235069,3.63,12.34,0.51
2026-01-26 13:02:45.244153,5.46,18.7,0.4
2026-01-26 13:02:46.253205,5.75,23.71,0.97
2026-01-26 13:02:47.269435,6.4,26.81,0.96
2026-01-26 13:02:48.275989,2.59,27.11,0.95
2026-01-26 13:02:49.286702,2.28,80.1,0.86
2026-01-26 13:02:50.289167,3.87,10.22,0.76
2026-01-26 13:02:51.305163,7.28,20.05,0.91
2026-01-26 13:02:52.305584,3.69,35.08,0.06
2026-01-26 13:02:53.307335,4.43,69.62,0.78
2026-01-26 13:02:54.322067,2.37,24.21,0.5
2026-01-26 13:02:55.330708,4.46,34.71,0.69
2026-01-26 13:02:56.345808,2.46,38.01,0.53
2026-01-26 13:02:57.362909,6.06,37.06,0.96
2026-01-26 13:02:58.378509,4.24,78.16,0.21
2026-01-26 13:02:59.382195,7.11,71.98,0.66
2026-01-26 13:03:00.398950,5.84,28.86,0.44
2026-01-26 13:03:01.400787,2.33,81.68,0.94
2026-01-26 13:03:02.416444,3.46,58.8,0.42
2026-01-26 13:03:03.426192,5.39,82.33,0.14
2026-01-26 13:03:04.428754,2.09,30.68,0.03
2026-01-26 13:03:05.442658,6.79,59.14,0.13
2026-01-26 13:03:06.444913,5.01,21.69,0.5
2026-01-26 13:03:07.451950,3.55,87.31,0.24
2026-01-26 13:03:08.455639,4.59,80.65,0.25
2026-01-26 13:03:09.455743,4.74,23.86,0.02
2026-01-26 13:03:10.473035,5.81,33.32,0.72
2026-01-26 13:03:11.483317,4.85,75.54,0.3
2026-01-26 13:03:12.493895,2.68,22.49,0.21
2026-01-26 13:03:13.496190,3.04,27.22,0.25
2026-01-26 13:03:14.496680,7.27,44.09,0.13
2026-01-26 13:03:15.499678,5.99,63.56,0.75
2026-01-26 13:03:16.505748,5.55,63.52,0.03
2026-01-26 13:03:17.516669,6.37,46.11,0.56
2026-01-26 13:03:18.525151,7.02,65.8,0.17
2026-01-26 13:03:19.540164,5.85,27.07,0.58
2026-01-26 13:03:20.551980,5.29,18.15,0.76
2026-01-26 13:03:21.566884,7.41,37.34,0.5
2026-01-26 13:03:22.574202,7.76,82.89,0.92
2026-01-26 13:03:23.580292,7.15,56.28,0.12
2026-01-26 13:03:24.585548,6.99,24.75,0.57
2026-01-26 13:03:25.585644,3.71,64.71,0.26
2026-01-26 13:03:26.596892,3.22,54.12,0.19
2026-01-26 13:03:27.607050,3.27,78.43,0.26
2026-01-26 13:03:28.622025,5.68,80.8,0.05
2026-01-26 13:03:29.627061,6.13,53.43,0.1
2026-01-26 13:03:30.639525,4.18,72.1,0.69
2026-01-26 13:03:31.648180,6.52,32.95,0.71
2026-01-26 13:03:32.658840,6.81,38.18,0.93
2026-01-26 13:03:33.661866,7.74,25.97,0.75
2026-01-26 13:03:34.674871,4.74,60.04,0.95
2026-01-26 13:03:35.679854,6.47,34.78,0.8
2026-01-26 13:03:36.685229,5.8,76.79,0.64
2026-01-26 13:03:37.691584,3.12,49.17,0.83
2026-01-26 13:03:38.696131,6.68,28.72,0.88
2026-01-26 13:03:39.711879,5.52,47.66,1.0
2026-01-26 13:03:40.720335,3.14,48.36,0.43
2026-01-26 13:03:41.726800,4.78,79.2,0.03
2026-01-26 13:03:42.728567,2.83,57.37,0.97
2026-01-26 13:03:43.742476,4.74,16.44,0.97
2026-01-26 13:03:44.746623,5.6,50.05,0.83
2026-01-26 13:03:45.747856,7.4,71.66,0.92
2026-01-26 13:03:46.748072,5.05,54.31,0.01
2026-01-26 13:03:47.763404,2.13,40.88,0.1
2026-01-26 13:03:48.779189,5.91,39.37,0.21
2026-01-26 13:03:49.796601,6.84,14.22,0.48
2026-01-26 13:03:50.797856,7.14,26.79,0.68
2026-01-26 13:03:51.798681,6.67,38.48,0.68
2026-01-26 13:03:52.807859,7.23,59.27,0.42
2026-01-26 13:03:53.815841,2.5,18.81,0.21
2026-01-26 13:03:54.821983,2.22,22.18,0.7
2026-01-26 13:03:55.825341,6.55,79.52,0.27
2026-01-26 13:03:56.836210,6.01,55.5,0.85
2026-01-26 13:03:57.853332,3.69,21.97,0.27
2026-01-26 13:03:58.855395,4.44,37.08,0.46
2026-01-26 13:03:59.858555,3.35,32.09,0.44
2026-01-26 13:04:00.870723,7.68,31.39,0.46
2026-01-26 13:04:01.879974,3.8,66.6,0.24
2026-01-26 13:04:02.888449,4.62,56.97,0.25
2026-01-26 13:04:03.904047,2.61,88.47,0.3
2026-01-26 13:04:04.905539,7.8,38.7,0.36
2026-01-26 13:04:05.907985,5.89,52.84,0.89
2026-01-26 13:04:06.923216,5.28,15.12,0.08
2026-01-26 13:04:07.927492,4.19,52.66,0.03
2026-01-26 13:04:08.929720,5.62,21.15,0.26
2026-01-26 13:04:09.938475,4.73,44.21,0.61
2026-01-26 13:04:10.939239,7.84,57.33,0.97
2026-01-26 13:04:11.941733,5.47,75.06,0.76
2026-01-26 13:04:12.945316,6.3,25.64,0.85
2026-01-26 13:04:13.958774,6.38,49.82,0.59
2026-01-26 13:04:14.962075,4.7,55.62,0.35
2026-01-26 13:04:15.970509,6.31,33.51,0.61
2026-01-26 13:04:16.979502,4.79,25.24,0.88
2026-01-26 13:04:17.990428,3.67,57.98,0.59
2026-01-26 13:04:19.005781,3.16,24.63,0.94
2026-01-26 13:04:20.010334,2.46,19.81,0.09
2026-01-26 13:04:21.026442,3.77,33.84,0.76
2026-01-26 13:04:22.038276,7.68,87.88,0.52
2026-01-26 13:04:23.047324,7.36,36.22,0.33
2026-01-26 13:04:24.048759,6.96,81.28,0.84
2026-01-26 13:04:25.062297,7.86,63.14,0.37
2026-01-26 13:04:26.064602,3.66,26.16,0.91
2026-01-26 13:04:27.067335,4.78,49.02,0.36
2026-01-26 13:04:28.076465,7.24,58.8,0.35
2026-01-26 13:04:29.080300,5.22,54.16,0.09
2026-01-26 13:04:30.086742,6.66,72.79,0.54
2026-01-26 13:04:31.099070,7.93,63.0,0.18
2026-01-26 13:04:32.105314,3.87,49.79,0.22
2026-01-26 13:04:33.121136,3.41,25.67,0.05
2026-01-26 13:04:34.129966,3.32,43.02,0.66
2026-01-26 13:04:35.137177,3.9,29.17,0.83
2026-01-26 13:04:36.143235,2.42,46.92,0.06
2026-01-26 13:04:37.147115,2.02,87.77,0.03
2026-01-26 13:04:38.161936,4.62,46.05,0.49
2026-01-26 13:04:39.169221,5.97,52.86,0.07
2026-01-26 13:04:40.171064,4.96,66.9,0.81
2026-01-26 13:04:41.175469,3.31,82.7,0.4
2026-01-26 13:04:42.190008,7.89,43.86,0.57
2026-01-26 13:04:43.210882,5.3,10.09,0.57
2026-01-26 13:04:44.224177,4.16,76.26,0.99
2026-01-26 13:04:45.238911,3.08,45.65,0.56
2026-01-26 13:04:46.239544,4.23,51.65,0.72
2026-01-26 13:04:47.242638,2.68,24.86,0.31
2026-01-26 13:04:48.244708,3.31,62.91,0.62
2026-01-26 13:04:49.254444,6.58,15.72,0.72
2026-01-26 13:04:50.268238,3.72,74.31,0.36
2026-01-26 13:04:51.273340,6.99,47.48,0.37
2026-01-26 13:04:52.275935,4.72,16.81,0.57
2026-01-26 13:04:53.278430,6.09,49.8,0.31
2026-01-26 13:04:54.285589,5.36,51.99,0.12
2026-01-26 13:04:55.288013,6.54,57.67,0.54
2026-01-26 13:04:56.293290,2.83,37.42,0.1
2026-01-26 13:04:57.298286,7.29,16.04,0.83
2026-01-26 13:04:58.311039,7.78,73.47,0.96
2026-01-26 13:04:59.313721,3.59,63.09,0.05
2026-01-26 13:05:00.320101,7.33,18.63,0.23
2026-01-26 13:05:01.329144,3.45,45.35,0.08
2026-01-26 13:05:02.334590,6.38,38.89,0.79
2026-01-26 13:05:03.346114,2.41,64.66,0.76
2026-01-26 13:05:04.360750,3.43,57.47,0.84
2026-01-26 13:05:05.362127,7.4,52.92,0.61
2026-01-26 13:05:06.368488,6.24,45.05,0.82
2026-01-26 13:05:07.377082,2.4,33.04,0.34
2026-01-26 13:05:08.383927,6.83,45.79,0.51
2026-01-26 13:05:09.396052,7.85,39.3,0.18
2026-01-26 13:05:10.404581,2.38,30.52,0.85
2026-01-26 13:05:11.412704,4.8,86.72,0.09
2026-01-26 13:05:12.415018,4.3,58.48,0.83
2026-01-26 13:05:13.430665,2.64,78.36,0.92
2026-01-26 13:05:14.445052,6.39,53.33,0.57
2026-01-26 13:05:15.445432,4.0,84.89,0.63
2026-01-26 13:05:16.446148,2.49,76.01,0.79
2026-01-26 13:05:17.449536,4.43,32.37,0.73
2026-01-26 13:05:18.452864,7.5,67.1,0.41
2026-01-26 13:05:19.460263,2.58,89.35,0.16
2026-01-26 13:05:20.468409,7.68,35.36,0.89
2026-01-26 13:05:21.476800,7.7,65.77,0.02
2026-01-26 13:05:22.479523,3.84,66.66,0.77
2026-01-26 13:05:23.490671,4.88,45.88,0.38
2026-01-26 13:05:24.491062,3.92,21.22,0.01
2026-01-26 13:05:25.499065,4.8,63.83,0.41
2026-01-26 13:05:26.504934,6.4,21.92,0.16
2026-01-26 13:05:27.510655,7.12,22.25,0.5
2026-01-26 13:05:28.512223,2.75,70.22,0.85
2026-01-26 13:05:29.519319,6.63,52.87,0.71
2026-01-26 13:05:30.526831,4.12,52.31,0.67
2026-01-26 13:05:31.539195,3.63,51.53,0.97
2026-01-26 13:05:32.546108,2.5,76.16,0.78
2026-01-26 13:05:33.547785,3.96,28.06,0.99
